total_return,annual_return,annual_vol,sharpe,max_drawdown
-0.48232633,-0.28053164,0.26919229762602614,-1.0421235945275595,0.52203447
